{
  "project_info": {
    "project_number": "646280736218",
    "project_id": "scheduleproject-ad25a",
    "storage_bucket": "scheduleproject-ad25a.appspot.com"
  },
  "client": [
    {
      "client_info": {
        "mobilesdk_app_id": "1:646280736218:android:c0229286f81f61e1a724e3",
        "android_client_info": {
          "package_name": "com.example.weeklyscheduleapp_project"
        }
      },
      "oauth_client": [
        {
          "client_id": "646280736218-9isb8o1ai64nm56d7pjv0b4qs3vqeltd.apps.googleusercontent.com",
          "client_type": 3
        }
      ],
      "api_key": [
        {
          "current_key": "AIzaSyCKaccm-WoVLj_Q44SU0_ii7vBJC-YQxE8"
        }
      ],
      "services": {
        "appinvite_service": {
          "other_platform_oauth_client": [
            {
              "client_id": "646280736218-9isb8o1ai64nm56d7pjv0b4qs3vqeltd.apps.googleusercontent.com",
              "client_type": 3
            }
          ]
        }
      }
    }
  ],
  "configuration_version": "1"
}